url_path,depth,found_from
/,0,start
/acknowledgements,1,/
/challenge,4,/understanding/scenes
/code-explorer,4,/understanding/scenes
/core-primitives,4,/understanding/grammar
/examples,3,/getting-started
/force-playground,2,/tour
/getting-started,2,/tour
/home,2,/tour
/howto,2,/tour
/howto/debugging,3,/howto
/howto/events,3,/howto
/howto/force-graphs,3,/howto
/howto/hierarchical,3,/howto
/howto/loading-data,3,/howto
/howto/performance,3,/howto
/howto/tooltips,3,/howto
/howto/transitions,3,/howto
/indexed-monad,4,/understanding/selections
/reference,2,/tour
/scene-structures,4,/understanding/scenes
/selection-states,4,/understanding/grammar
/showcase,3,/getting-started
/showcase/lua-edge,1,/
/simple-force-graph,4,/howto/force-graphs
/simpsons-v2,1,/
/state-machine,4,/understanding/selections
/static-vs-gup,4,/understanding/grammar
/tour,1,/
/tour/scrolly,2,/tour
/tour/scrolly2,2,/tour
/tour/simpsons,2,/tour
/transitions,4,/understanding/scenes
/tree-api,4,/understanding/grammar
/tree-builder,4,/showcase
/type-safety,4,/understanding/selections
/understanding,2,/tour
/understanding/attributes,3,/understanding
/understanding/grammar,3,/understanding
/understanding/scenes,3,/understanding
/understanding/selections,3,/understanding